station_id,name,lat,lon,capacity,num_bikes_available,num_docks_available
7000,Fort York  Blvd / Capreol Ct,43.639832,-79.395954,35,15,19
7001,Lower Jarvis St / The Esplanade,43.647992,-79.370907,15,12,3
7002,St. George St / Bloor St W,43.667333,-79.399429,19,4,15
7003,Madison Ave / Bloor St W,43.667158,-79.402761,15,8,7
7004,University Ave / Elm St,43.656518,-79.389099,11,3,8
7005,King St W / York St,43.6480008,-79.383177,19,7,12
7006,Bay St / College St (East Side),43.660439,-79.385525,11,5,6
7007,College St / Huron St,43.658148,-79.398167,18,6,12
7008,Wellesley St / Queen's Park Cres,43.663376,-79.392125,19,6,12
7009,King St E / Jarvis St,43.650325,-79.372287,25,22,3
7010,King St W / Spadina Ave,43.645323,-79.395003,19,7,12
7011,Wellington St W / Portland St,43.642982,-79.399256,11,6,4
7012,Elizabeth St / Edward St (Bus Terminal),43.656026,-79.385327,15,6,9
7013,Scott St / The Esplanade,43.64656,-79.375274,18,4,14
7014,Sherbourne St / Carlton St (Allan Gardens),43.663102,-79.373181,17,2,15
7015,King St W / Bay St (West Side),43.64852,-79.380576,19,11,8
7016,Bay St / Queens Quay W (Ferry Terminal),43.640823,-79.376265,23,9,14
7017,Widmer St / Adelaide St W,43.6475076,-79.3914841,11,8,3
7018,Bremner Blvd / Rees St,43.641529,-79.386741,23,10,13
7019,Temperance St. Station,43.6507021,-79.3800546,19,1,17
7020,Phoebe St / Spadina Ave,43.650033,-79.396555,33,3,30
7021,Bay St / Albert St,43.653264,-79.382458,35,12,23
7022,Simcoe St / Queen St W,43.650858,-79.387582,27,16,11
7023,College St / Borden St,43.6571,-79.4056,11,5,6
7024,Dundonald St / Church St,43.66663,-79.38148,36,7,29
7025,Ted Rogers Way / Bloor St E,43.671293,-79.380471,27,21,6
7026,Bay St / St. Joseph St,43.665527,-79.387499,15,9,6
7027,Beverley  St / Dundas St W,43.652823,-79.393388,31,5,26
7028,Gould St / Mutual St,43.6582,-79.3768,31,15,14
7029,Bay St / Bloor St W (East Side),43.66943,-79.38915,15,2,13
7030,Bay St / Wellesley St W,43.664088,-79.387095,51,15,36
7031,Jarvis St / Isabella St,43.668991,-79.379385,23,12,11
7032,Augusta Ave / Dundas St W,43.652473,-79.401456,15,9,6
7033,Union Station,43.645609,-79.380386,43,18,24
7034,Church St / Bloor St E,43.671389,-79.382919,15,5,10
7035,Queen St W / Ossington Ave,43.643975,-79.419576,23,1,22
7036,Trinity St /Front St E,43.651318,-79.36023,19,8,11
7037,Bathurst St / Dundas St W,43.6523,-79.4058,41,30,11
7038,Dundas St W / Yonge St,43.656094,-79.381484,15,11,4
7039,Simcoe St / Michael Sweet Ave - SMART,43.65232722,-79.38825382,19,14,5
7040,Euclid Ave / Bloor St W,43.664467,-79.414783,19,9,10
7041,Edward St / Yonge St,43.656729,-79.382736,23,13,9
7042,Sherbourne St / Wellesley St E,43.6673,-79.374,31,3,28
7043,Queens Quay W / Lower Simcoe St,43.63951,-79.383717,19,12,7
7044,Church St / Alexander St,43.663722,-79.380288,15,11,4
7045,Bond St / Queen St E,43.653236,-79.376716,25,11,14
7046,Niagara St / Richmond St W,43.64534,-79.409597,26,20,5
7047,University Ave / Gerrard St W (East Side),43.657763,-79.389165,25,11,14
7048,Front St W / Yonge St (Hockey Hall of Fame),43.646144,-79.377962,47,19,27
7049,Queen St W / Portland St,43.6476,-79.4015,22,15,5
7050,Richmond St E / Jarvis St Green P,43.652634,-79.374222,15,9,6
7051,Wellesley St E / Yonge St (Green P),43.66506,-79.38357,17,4,12
7052,Wellington St W / Bay St,43.647259,-79.379878,27,19,8
7053,Metro Hall Plaza,43.645859,-79.38783,27,12,15
7054,Navy Wharf Ct. / Bremner Blvd.,43.640722,-79.391051,11,10,0
7055,Jarvis St / Carlton St,43.66207,-79.37617,15,10,4
7056,Parliament St / Gerrard St,43.662132,-79.3656796,23,12,11
7057,Simcoe St / Wellington St South,43.6458569,-79.3853654,27,12,15
7058,Huron/ Harbord St,43.6637,-79.400053,19,10,9
7059,Front St W / Blue Jays Way,43.643473,-79.390477,15,7,8
7060,Princess St / Adelaide St E,43.652123,-79.367139,19,8,10
7061,Dalton Rd / Bloor St W,43.6662942,-79.4066433,18,14,4
7062,University Ave / College St (West),43.659226,-79.390213,11,1,10
7063,Queen's Park / Bloor St W,43.668456,-79.393899,19,6,13
7064,51 Parliament St,43.65205,-79.362198,19,8,11
7065,Dundas St E / Parliament St,43.659575,-79.365769,15,10,5
7066,Willcocks St / St. George St,43.662085,-79.397735,17,6,11
7067,Yonge St / Harbour St,43.643795,-79.375413,39,13,26
7069,Queen St W / Spadina Ave,43.649147,-79.395504,11,10,1
7070,25 York St – Union Station South,43.643667,-79.380414,11,7,4
7071,161 Bleecker St (South of Wellesley),43.666233,-79.373327,23,3,20
7072,Fleet St / Bathurst St,43.636611,-79.400042,19,9,9
7073,Spadina Ave / Fort York Blvd,43.640114,-79.393249,23,6,17
7074,King St E / Church St,43.6500392,-79.3733541,14,6,8
7075,Queens Quay W / Dan Leckie Way,43.636533,-79.395854,27,9,18
7076,York St / Queens Quay W,43.640132,-79.380464,27,13,14
7077,College Park South,43.659777,-79.382767,19,8,11
7078,College St / Major St,43.6576,-79.4032,11,4,7
7079,McGill St / Church St,43.660694,-79.379052,19,3,16
7083,Danforth Ave / Barrington Ave,43.688325,-79.300463,15,8,7
7084,High Park - Grenadier Cafe,43.645599,-79.4657123,11,10,1
7085,Danforth Ave / Westlake Ave,43.687323,-79.304848,15,9,6
7086,High Park - West Rd,43.6525077,-79.4654233,23,4,19
7087,Danforth Ave / Aldridge Ave,43.684758,-79.316767,11,8,3
7088,Danforth Ave / Coxwell Ave,43.683378,-79.322961,15,7,8
7089,Church St  / Wood St,43.662712,-79.379903,19,6,11
7090,Danforth Ave / Lamb Ave,43.681991,-79.329455,15,10,5
7091,Donlands Station,43.681126,-79.337779,11,2,9
7092,Pape Subway Green P,43.680223,-79.344062,15,14,1
7093,Danforth Ave / Gough Ave,43.678401,-79.346289,17,12,5
7094,Chester Station (Green P),43.6784556,-79.351014,7,5,2
7095,Danforth Ave / Ellerbeck St,43.677076,-79.35667,14,6,8
7096,Boston Ave / Queen St E,43.661508,-79.338931,19,12,7
7097,Riverdale Park North (Broadview Ave),43.671172,-79.354704,15,11,4
7098,Riverdale Park South (Broadview Ave),43.667819,-79.35347,15,5,10
7099,Cherry St / Mill St,43.651248,-79.357848,15,4,11
7100,Dundas St E / Regent Park Blvd,43.660207,-79.361275,19,14,4
7101,Lower Sherbourne St / The Esplanade,43.648655,-79.367061,27,12,15
7102,Nelson St / Duncan St,43.648711,-79.389728,31,16,13
7103,Jimmie Simpson Park (Queen St E),43.6605603,-79.3437663,15,5,10
7104,King St E / River St,43.657071,-79.356598,15,9,5
7105,Queen St E / Sackville St,43.6561111,-79.36138889,15,5,10
7106,Mill St / Tannery Rd,43.652219,-79.354455,15,6,9
7107,Cherry St / Distillery Ln,43.650279,-79.356832,15,10,5
7108,Front St E / Cherry St,43.652686,-79.358395,15,6,9
7109,Seaton St / Dundas St E - SMART,43.658777,-79.369596,32,20,12
7110,Queen St E / Berkeley St,43.6552778,-79.36583333,15,6,9
7111,King St W / Douro St,43.640885,-79.416379,11,7,4
7112,Liberty St / Fraser Ave Green P,43.637981,-79.424146,19,8,11
7113,Parliament St / Aberdeen Ave,43.665278,-79.368333,15,10,5
7114,Carlton St / Parliament St,43.664524,-79.36793,15,7,8
7115,Howard St / Sherbourne St,43.6712581,-79.376367,15,10,5
7116,Parliament St / Bloor St E,43.671827,-79.371849,15,7,7
7117,Castle Frank Station,43.674083,-79.368579,15,6,9
7118,King St W / Bay St (East Side),43.648575,-79.380042,19,6,12
7119,Sumach St / Carlton St. (Riverdale Farm),43.665867,-79.362506,15,15,0
7120,Gerrard St E / River St,43.663993,-79.358534,11,3,7
7121,Jarvis St / Dundas St E,43.657266,-79.374756,27,8,19
7122,Niagara St / Tecumseth St,43.641389,-79.404444,15,3,12
7123,424 Wellington St W - SMART,43.643834,-79.396649,15,10,4
7124,Dundas St E / Broadview Ave,43.662365,-79.351104,19,14,5
7126,Yonge St / Yorkville Ave,43.671944,-79.387778,17,5,12
7127,Bay St / Davenport Rd,43.672829,-79.390592,15,9,5
7128,Yonge St / Aylmer Ave,43.675492,-79.388858,15,14,1
7129,Davenport Rd / Avenue Rd,43.674991,-79.396273,11,6,5
7130,Davenport Rd / Bedford Rd,43.6743985,-79.3986601,15,3,12
7131,Taddle Creek Park,43.66986,-79.398443,15,12,3
7132,Kendal Ave / Spadina Rd,43.670318,-79.405181,9,3,6
7134,Marlborough Ave / Yonge St,43.68,-79.391111,23,2,21
7135,Hanna Ave / Liberty St,43.638333,-79.419722,15,10,5
7136,Queen St W / Close Ave,43.640634,-79.435841,23,13,10
7137,Davenport Rd / Bathurst St,43.676667,-79.416111,31,14,17
7138,Davenport Rd / Christie St,43.675278,-79.423889,31,5,25
7139,Glen Edyth Dr / Davenport Rd,43.677778,-79.405556,15,10,5
7140,Macpherson Ave / Spadina Rd,43.675791,-79.40698,15,6,9
7141,Bridgeman Ave / Kendal Ave - SMART,43.675556,-79.410278,15,9,6
7142,Bridgeman Ave / Bathurst St,43.674444,-79.414722,15,14,1
7143,Kendal Ave / Bernard Ave,43.671513,-79.408317,15,5,10
7144,Palmerston Ave / Vermont Ave,43.671389,-79.416389,15,6,9
7146,Christie St / Benson Ave (Wychwood Barns),43.68,-79.425,18,10,8
7147,King St W / Fraser Ave,43.6394444,-79.42527778,15,4,11
7148,King St W / Joe Shuster Way,43.639444,-79.423611,15,12,3
7149,Yarmouth Rd / Christie St,43.67,-79.42083333,11,10,1
7150,Dufferin St / Sylvan Av (Dufferin Grove Park),43.6555556,-79.43361111,19,12,7
7151,Essex St / Christie St - SMART,43.6686111,-79.42027778,19,10,9
7152,Ossington Ave / Bloor St W,43.661705,-79.425734,11,3,8
7153,Bloor St W / Christie St,43.6638889,-79.41888889,19,11,8
7154,Bathurst Subway Station,43.6666667,-79.41166667,23,4,19
7155,Bathurst St / Lennox St,43.663808,-79.410491,19,7,12
7156,Salem Ave / Bloor St W,43.6608333,-79.43166667,15,6,9
7157,Dufferin St / Bloor St,43.66083333,-79.43583333,23,12,11
7158,King St W / Stafford St,43.6422222,-79.41111111,15,13,2
7160,King St W / Tecumseth St,43.64333333,-79.40555556,15,1,13
7161,Beverley St / College St,43.6575,-79.39527778,23,16,7
7162,Hayter St / Laplante Ave,43.65916667,-79.38555556,23,13,10
7163,Yonge St / Wood St,43.6622222,-79.3825,15,5,10
7164,Gould St / Yonge St (Ryerson University),43.657424,-79.381019,23,4,19
7167,Queen St E / George St (Moss Park),43.6544444,-79.37111111,17,13,4
7168,Queens Quay / Yonge St,43.641646,-79.375308,31,24,7
7169,Front St W / Bay St (North Side),43.646162,-79.378912,11,3,8
7170,Spadina Ave / Willcocks St,43.6616667,-79.40138889,15,12,3
7171,Ontario Place Blvd / Lake Shore Blvd W (East),43.6322445,-79.4108105,27,17,9
7172,Strachan Ave / Princes' Blvd,43.635,-79.40888889,19,17,2
7173,Cariboo St / Rail Path,43.66666667,-79.45833333,19,3,16
7174,Bloor St W / Dundas St W,43.6563889,-79.45166667,15,12,3
7175,HTO Park (Queens Quay W),43.63796,-79.387502,27,4,23
7176,Bathurst St / Fort York Blvd,43.639179,-79.399595,19,9,9
7177,East Liberty St / Pirandello St,43.63861111,-79.41472222,19,10,8
7178,Dundas St W / Edna Ave,43.657192,-79.452559,15,15,0
7179,Bloor GO / UP Station (West Toronto Railpath),43.6575,-79.45027778,19,8,11
7180,Lansdowne Subway Station,43.6587734,-79.443054,23,10,13
7181,Lansdowne Ave / Whytock Ave,43.65388889,-79.44138889,15,6,9
7182,Sterling Rd / Dundas St W,43.65083333,-79.44305556,19,11,8
7183,St Clarens Ave / College St,43.651238,-79.43868,15,7,8
7184,Ossington Ave / College St,43.6544915,-79.422634,11,5,6
7188,Exhibition GO (Atlantic Ave),43.63666667,-79.41972222,23,14,9
7189,Augusta Ave / Denison Sq,43.653766,-79.4016759,15,6,8
7190,St. George St / Hoskin Ave,43.6637403,-79.3980645,15,2,13
7191,Central Tech  (Harbord St),43.661975,-79.407896,11,10,1
7192,Harbord St / Clinton St,43.660414,-79.415646,15,2,13
7193,Queen St W / Gladstone Ave,43.64305556,-79.4275,15,5,10
7194,Mortimer Ave / Coxwell Ave,43.690564,-79.326319,23,9,14
7195,Ulster St / Bathurst St,43.66,-79.40888889,11,11,0
7196,Roxton Rd / Harbord St,43.65905,-79.422988,11,3,8
7197,Queen St W / Dovercourt Rd,43.64361111,-79.4225,11,5,6
7198,Queen St W / Cowan Ave,43.6409,-79.432837,19,5,14
7199,College St / Markham St,43.65638889,-79.40916667,19,4,15
7202,Queen St W / York St (City Hall),43.651667,-79.384167,31,28,3
7203,Bathurst St/Queens Quay(Billy Bishop Airport),43.635492,-79.398253,34,10,24
7204,College St / Crawford St,43.655,-79.418889,19,9,10
7205,Rusholme Park Cres / College St,43.65277778,-79.42972222,15,4,11
7206,Claremont St / Dundas St W,43.651281,-79.411717,13,3,10
7207,Dundas St W / Crawford St,43.649722,-79.416944,19,7,11
7208,80 Clinton St (North of College) - SMART,43.656296,-79.414663,11,3,8
7209,Ossington Ave / Harrison St,43.65111111,-79.42138889,19,10,9
7210,Mary McCormick Rec Centre (Sheridan Ave),43.6475,-79.43305556,15,8,5
7211,Fort York Blvd / Garrison Rd,43.6375,-79.40611111,15,8,7
7216,Wellington St W / Stafford St,43.641281,-79.409339,23,12,11
7217,Soho St / Queen St W,43.6494896,-79.393535,19,8,9
7220,Lake Shore Blvd W / Ellis Ave,43.635932,-79.465083,19,15,4
7221,High Park Subway Station,43.6543604,-79.4655296,19,8,11
7222,Sunnyside - Gus Ryder Pool,43.637894,-79.454823,27,5,22
7223,Parkside Dr / Bloor St W - SMART,43.654501,-79.460053,12,5,7
7224,Bloor St W / High Park Ave (High Park),43.6535269,-79.4650569,19,4,15
7225,Lake Shore Blvd W / Windermere Ave,43.634896,-79.467763,19,9,10
7226,Lake Shore Blvd W / The Boulevard Club,43.636731,-79.444966,19,2,17
7227,Martin Goodman Trail (Marilyn Bell Park),43.6314,-79.4304,31,30,1
7228,Queen St W / Roncesvalles Ave,43.638399,-79.4464436,19,13,6
7229,Dundas St W / Roncesvalles Green P - SMART,43.6534268,-79.4512787,12,3,9
7230,Garden Ave / Roncesvalles Ave,43.643769,-79.447915,18,14,4
7231,Wright / Sorauren (Sorauren Park) - SMART,43.646677,-79.442741,18,8,10
7232,Queen St W  /  Fuller Ave - SMART,43.640255,-79.439223,16,13,3
7233,King / Cowan Ave - SMART,43.637922,-79.431734,16,13,3
7234,Roncesvalles Ave / Marmaduke St,43.650492,-79.450842,19,12,7
7235,Bay St / College St (West Side) - SMART,43.660087,-79.385655,12,9,3
7236,Thompson St / Broadview Ave - SMART,43.659471,-79.350325,12,5,6
7237,Ward Ave / Wallace Ave,43.662251,-79.446036,15,4,11
7238,Sorauren/Geoffrey (Sorauren Park) - SMART,43.649172,-79.4445087,16,12,4
7239,Bloor St W / Manning Ave - SMART,43.663912,-79.416124,20,11,9
7240,Bloor St W / Shaw Ave - SMART,43.662403,-79.423098,34,9,25
7241,519 Church St - SMART,43.666805,-79.381288,12,6,6
7242,Lake Shore Blvd W / Ontario Dr,43.630254,-79.420317,35,1,33
7243,Exhibition GO Station,43.6356551,-79.4184785,15,3,12
7244,Dufferin Gate - SMART,43.633473,-79.425679,16,10,6
7245,Tecumseth St / Queen St W - SMART,43.646552,-79.406468,9,5,3
7246,Yonge St / Bloor St,43.669969,-79.386532,14,8,6
7247,Howard Park Ave / Dundas St W - SMART,43.6521,-79.4486,12,2,10
7248,Baldwin Ave / Spadina Ave - SMART,43.654905,-79.398448,20,8,12
7249,Dovercourt Rd / Harrison St (Green P) - SMART,43.651145,-79.423742,12,7,5
7250,St. George St / Russell St - SMART,43.660296,-79.397107,16,1,15
7251,The Royal Ontario Museum (Bloor St Entrance),43.668561,-79.394403,19,10,9
7252,Robert St / Bloor St W - SMART,43.665846,-79.404998,18,14,4
7253,John St  / Mercer St - SMART,43.6461,-79.3895,12,11,0
7254,Borden St / Bloor St W - SMART,43.665461,-79.40848,12,5,7
7255,Stewart St / Bathurst St  - SMART,43.643307,-79.402176,16,5,11
7256,Vanauley St / Queen St W - SMART,43.648437,-79.39838,9,4,5
7257,Dundas St W / St. Patrick St,43.6545174,-79.3895315,19,8,11
7258,Queen St E / Larchmount Ave,43.662279,-79.334166,25,18,6
7259,Lower Spadina Ave / Lake Shore Blvd,43.638497,-79.39192,19,14,5
7260,Spadina Ave / Adelaide St W,43.646688,-79.395267,15,11,4
7261,Queens Quay E / Lower Sherbourne St,43.645215,-79.364898,26,6,20
7262,Wychwood Ave / Benson Ave - SMART,43.6809164,-79.4229684,16,10,6
7263,Walton St / Elizabeth St - SMART,43.657838,-79.38631,20,3,17
7264,Bloor St E / Huntley St - SMART,43.671535,-79.379173,16,3,11
7265,Wallace Ave / Symington Ave - SMART,43.661324,-79.449534,12,0,12
7266,Victoria Park Subway Station - SMART,43.6940155,-79.2889842,20,14,6
7267,Dundas St E / Pembroke St - SMART,43.658295,-79.372346,16,11,5
7268,111 Bond St (North of Dundas St E)  - SMART,43.656927,-79.378497,16,9,7
7269,Toronto Eaton Centre (Yonge St),43.655431,-79.380653,14,9,4
7270,Church St / Dundas St E - SMART,43.657024,-79.377257,15,11,4
7271,Yonge St / Alexander St - SMART,43.662862,-79.383572,18,6,12
7272,Yonge St / Dundonald St - SMART,43.665801,-79.384796,12,8,4
7273,Bay St / Charles St - SMART,43.668153,-79.38891,20,5,15
7274,Queen's Park Cres E / Grosvenor St - SMART,43.661803,-79.389682,12,11,1
7275,Queen St W / James St,43.652276,-79.380701,11,4,7
7276,Bloor St W / Balmuto St,43.669903,-79.387802,11,11,0
7277,Chorley Park - SMART,43.6856,-79.3718,20,4,16
7278,Mallon Ave / Jones Ave -SMART,43.66587,-79.33443,16,7,9
7279,Rosehill Ave / Avoca Ave - SMART,43.687999,-79.38906,16,4,12
7280,Charles St E / Jarvis St - SMART,43.669604,-79.381171,20,4,16
7281,Charles St W / Balmuto St - SMART,43.668427,-79.38725,16,8,8
7282,Adelaide St W / Bay St - SMART,43.650152,-79.379856,20,8,12
7283,Front St W / Bay St (South Side),43.64595,-79.378761,19,8,10
7284,University Ave / King St W - SMART,43.6477785,-79.3847928,16,13,3
7285,Spadina Ave / Harbord St - SMART,43.6629228,-79.4018451,36,3,33
7286,Gerrard St E / Broadview - SMART,43.665656,-79.352055,18,9,9
7287,Queen St E / Pape Ave - SMART,43.661673,-79.337789,8,5,2
7288,Humber Bay Shores Park West,43.6224434,-79.480284,31,26,5
7289,Humber Bay Shores Park East,43.6308933,-79.4722622,23,10,13
7291,190 Queens Quay E,43.6451308,-79.3653644,15,0,15
7292,Granby St / Church St - SMART,43.6605302,-79.3787235,12,3,9
7293,College St / McCaul St,43.65906,-79.393771,17,10,7
7296,Westmoreland Ave / Fernbank Ave,43.665327,-79.43235,19,17,2
7297,Havelock St / Dufferin Park,43.657343,-79.43112,19,13,6
7298,Bathurst St / Adelaide St W,43.645324,-79.40345,25,8,16
7299,Mill St / Parliament St,43.650256,-79.36163,15,9,6
7301,Primrose Ave / Davenport Rd - SMART,43.67142,-79.445947,15,2,13
7302,Winona Dr / Davenport Rd,43.674923,-79.430465,11,5,6
7303,Queen St E / Woodward Ave,43.665269,-79.319796,19,8,11
7309,Queen St. E / Rhodes Ave.,43.666224,-79.317693,23,10,13
7311,Sherbourne St / Isabella St,43.669576,-79.375961,15,8,7
7312,Amelia St. / Sumach St.,43.66852,-79.363525,11,5,5
7313,Coxwell Ave /  Lake Shore Blvd E,43.662771,-79.315223,15,3,12
7314,Queen St. E / Eastern Ave,43.667208,-79.312315,15,2,13
7315,Queen St E / Hammersmith Ave,43.671349,-79.29451,11,9,2
7316,Queen St. E / Spruce Hill Rd.,43.672571,-79.289,15,7,8
7317,Hubbard Blvd / Balsam Av,43.669328,-79.288949,19,6,13
7318,Hubbard Blvd. / Glen Manor Dr.,43.668633,-79.291162,15,5,8
7319,Lake Shore Blvd E / Knox Ave,43.660206,-79.3244,11,5,6
7320,Front St W / University Ave (1),43.6451635,-79.3831757,19,14,5
7321,Front St W / University Ave (2),43.6452972,-79.3827914,19,16,3
7322,King St W / Brant St,43.645062,-79.397345,23,19,4
7323,457 King St. W. at Spadina,43.6452091,-79.3960744,19,13,6
7324,King St W / Charlotte St (West),43.645572,-79.39399,19,11,8
7326,Davenport Rd / Lansdowne Ave.,43.671526,-79.44874,19,7,12
7327,Davenport Rd / Oakwood Rd - SMART,43.6741219,-79.4352208,16,4,12
7328,Roxborough St W / Yonge St,43.678077,-79.390328,17,4,13
7329,Crawford St / Queen St W,43.645665,-79.415345,19,16,2
7330,Lee Ave / Queen St E,43.669863,-79.297786,11,9,2
7331,Coxwell Ave / Plains Rd,43.69595,-79.328535,19,3,16
7332,200 Bloor St. E.,43.671561,-79.38117,23,2,19
7333,King St E / Victoria St,43.6495789,-79.3762096,19,18,1
7334,Simcoe St / Wellington St North,43.6462176,-79.3855048,15,14,1
7335,Bay St / Bloor St W (West Side),43.669244,-79.3894,15,1,14
7336,Queen St E / Alton Av,43.663912,-79.327987,19,5,14
7337,Gerrard Square Mall (1010 Gerrard St E),43.668553,-79.338673,15,6,9
7338,Logan Ave / Bain Ave,43.6720273,-79.3470557,11,10,1
7339,Carlaw Ave / Strathcona Ave,43.6753188,-79.3462789,15,3,12
7340,Blake St / Boultbee Ave,43.672453,-79.338259,15,4,11
7341,Eastern Ave / Winnifred Ave,43.6592088,-79.3348396,15,8,7
7342,Morse St / Eastern Ave - SMART,43.657991,-79.340075,11,4,7
7343,Alton Ave / Dundas St E (Greenwood Park),43.66745,-79.329408,22,9,13
7344,Cherry Beach,43.637764,-79.345359,48,19,29
7345,Cherry Beach Sports Field (55 Unwin Ave),43.640757,-79.343144,15,7,8
7346,Logan Av / Gerrard St E,43.6672144,-79.3452697,15,13,1
7347,Regal Rd / Dufferin St,43.673939,-79.441159,15,7,8
7348,Pape Ave / Gamble Ave,43.690237,-79.350119,19,9,10
7349,Gamble Ave / Broadview Ave,43.689211,-79.35438,23,6,17
7350,Broadview Ave / Westwood Ave,43.6848652,-79.356602,23,13,10
7351,Pretoria Av / Broadview Av,43.6783213,-79.35822,19,8,11
7352,Cosburn Ave / Donlands Ave,43.690537,-79.341307,19,9,10
7353,Fulton Ave / Pape Ave - SMART,43.68395,-79.347046,19,10,9
7354,Tommy Thompson Park (Leslie Street Spit),43.651737,-79.32325,19,4,15
7355,Beltline Trail / Chaplin Cres.,43.704461,-79.423122,15,5,10
7356,King St E / Ontario St.,43.651885,-79.3649,14,7,7
7357,Lake Shore Blvd E / Leslie St,43.659195,-79.329196,19,13,6
7358,Gailbraith Rd / King’s College Cr. (U of T),43.660382,-79.3954,17,9,8
7359,Rosedale Park (20 Schofield Ave),43.682645,-79.377557,23,11,12
7360,Concord Av / Dewson St,43.656945,-79.424911,17,6,11
7361,Hocken Ave./Vaughan Rd.,43.6817346,-79.4184725,19,4,15
7362,St Clair Ave W / Bathurst St.,43.683296,-79.418734,19,14,5
7363,Wells Hill Ave / St Clair Ave W,43.683351,-79.41562,15,5,10
7364,Queen St E / Nursewood Rd (Neville Park Loop),43.673831,-79.281455,19,17,2
7365,Kew Beach Ave / Kenilworth Ave,43.666325,-79.3014,23,20,3
7366,Fort York Blvd / Bathurst St SMART,43.639052,-79.399792,20,15,5
7367,Alma Ave / Gladstone Ave SMART,43.6448617,-79.42822,16,7,9
7368,Lisgar St / Dundas St SMART,43.6493472,-79.42668,5,2,3
7369,Dupont St / Emerson Ave SMART,43.667266,-79.443946,16,9,7
7371,Eglinton Ave W / Henning Ave SMART,43.7063473,-79.40161,20,10,10
7372,King St W / Portland St,43.6448257,-79.3993258,19,13,6
7373,George St / King St E,43.6509552,-79.3707,14,7,7
7374,Frederick St / The Esplanade,43.6487245,-79.36839,19,14,4
7375,Front St E / Scott St,43.6476616,-79.37549,11,4,7
7376,Frobisher Ave / Lascelles Blvd,43.696708,-79.40045,19,7,12
7377,Balliol St / Yonge St  SMART,43.6978701,-79.39419,20,3,17
7378,Yonge St / Davisville Ave,43.6975969,-79.39654,15,7,8
7379,Lawton Blvd / Yonge St,43.6910667,-79.39535,15,9,6
7380,Erskine Ave / Yonge St SMART,43.7112153,-79.39894,16,5,11
7381,Roehampton Ave / Yonge St,43.7080145,-79.39826,19,9,10
7382,Simcoe St / Adelaide St W,43.6481303,-79.38632,20,9,11
7383,12 Harbour St,43.6425636,-79.3762,15,4,11
7384,Cumberland Ave / Bay St SMART,43.6704537,-79.39014,12,8,4
7385,20 Charles St E,43.6691099,-79.38551,23,4,19
7386,D'Arcy St. /McCaul St. SMART,43.655227,-79.39201,16,5,11
7387,Mortimer Ave / Carlaw Ave SMART,43.685167,-79.34962,12,5,7
7388,Broadview Ave / Danforth Ave,43.6772,-79.35858,15,8,7
7389,College Park- Gerrard Entrance,43.658938,-79.383518,25,16,9
7391,Yonge St / Dundas Sq,43.655766,-79.3802,27,24,2
7392,Woodbine Subway Green P SMART,43.686829,-79.311073,20,1,19
7395,Dentonia Park,43.694341,-79.291416,23,10,13
7398,York St / Harbour St,43.64116,-79.37979,39,22,17
7399,Lower Jarvis / Queens Quay E,43.64422,-79.36927,19,13,5
7400,Polson Pier,43.641675,-79.354006,23,10,13
7402,Wellington St W / Bathurst St,43.6426245,-79.4024594,15,4,10
7403,Lascelles Blvd / Eglinton Ave W - SMART,43.70547,-79.40355,19,7,12
7404,Roehampton Ave / Mount Pleasant Rd,43.70942,-79.39139,19,1,18
7406,Victoria St / Queen St E,43.65294,-79.3783,23,5,18
7407,University Ave / Queen St W,43.65158,-79.38655,23,13,10
7408,University Ave / Armoury St - SMART,43.65263,-79.38766,23,2,20
7409,Isabella St / Church St,43.66834,-79.38235,19,9,8
7410,Howard St / Rose Ave - SMART,43.671278,-79.372127,19,5,14
7411,Little Norway Park,43.635023,-79.399505,22,12,8
7412,King St W / Crawford St - SMART,43.6417852,-79.4131148,23,18,5
7413,Dundas St W / Watkinson Ave - SMART,43.66478,-79.45991,15,3,12
7414,Keele St / Annette St - SMART,43.66402,-79.46418,15,8,7
7415,Keele St / Vine Ave - SMART,43.66686,-79.46526,23,10,13
7416,Spadina Ave / Blue Jays Way,43.641705,-79.393295,31,13,17
7417,King St W / Jordan St,43.648928,-79.378623,11,10,1
7418,College Park - Yonge St Entrance,43.65988,-79.38279,25,7,18
7419,Bloor St W / Huron St,43.667023,-79.401805,27,5,22
7420,Barton St / Howland St - SMART,43.66842,-79.410585,19,2,17
7422,Tyndall Ave / King St W - SMART,43.638426,-79.429142,16,7,9
7423,Merton St / Al Green Ln - SMART,43.696479,-79.394855,23,14,9
7424,Merton St / Mount Pleasant Rd,43.697819,-79.38786,23,1,22
7425,The Queensway at South Kingsway - SMART,43.63632,-79.47307,23,11,12
7426,Fleet St / Garrison Rd (Fort York),43.636804,-79.408832,41,19,21
7427,Northern Dancer Blvd / Lake Shore Blvd E,43.663162,-79.309765,27,8,19
7428,Woodbine Ave / Lake Shore Blvd E,43.665645,-79.304711,27,12,15
7429,Woodbine Subway Station - SMART,43.686442,-79.313404,15,1,13
7430,Marilyn Bell Park Tennis Court,43.633537,-79.437461,27,17,10
7431,Gerrard St E / Leslie St - SMART,43.669813,-79.3335,22,13,9
7432,Frederick St / King St E,43.651118,-79.369411,23,6,17
7433,Dundas St E / Boulton Ave - SMART,43.663148,-79.347938,14,12,2
7434,Via Italia / Mackay Ave - SMART,43.676697,-79.445029,18,10,8
7435,Rushton Rd / St Clair Ave W - SMART,43.68114,-79.4277,11,6,5
7436,Shaw St / Dupont St,43.67072,-79.42677,19,14,5
7437,Concord Ave / Bloor St W - SMART,43.66189,-79.42679,15,6,9
7438,High Park Subway - SMART,43.65389,-79.4675,15,5,10
7440,Martin Goodman Trail / Ontario Dr,43.63121,-79.41414,27,21,6
7441,Pacific Ave / Glenlake Ave - SMART,43.65716,-79.46478,27,13,14
7442,Lonsdale Rd / Spadina Rd,43.688526,-79.412903,14,9,5
7443,Dundas St E / George St,43.6574766,-79.373446,24,5,19
7444,Clendenan Ave / Rowland St - SMART,43.66073,-79.47149,20,6,14
7445,Eastwood Rd / Coxwell Ave - SMART,43.673118,-79.318651,19,11,8
7446,Orchard Park,43.66908,-79.3149,19,16,3
7447,Trent Ave / Danforth Ave - SMART,43.689293,-79.295895,23,10,13
7448,Goodwood Park Ct / Dentonia Park - SMART,43.694826,-79.295208,19,9,10
7449,Cosburn Ave / Cedarvale Ave - SMART,43.697139,-79.31469,15,10,5
7450,Carlaw Ave / Danforth Ave - SMART,43.678285,-79.347346,15,12,3
7451,Western Battery Rd / Pirandello St - SMART,43.640075,-79.414156,31,11,20
7452,Bleecker St / St James Ave,43.669232,-79.374495,20,5,15
7453,Jarvis St / Maitland Pl,43.664736,-79.377579,17,1,16
7454,Pottery Rd / Lower Don River Trail,43.688148,-79.362101,15,5,9
7455,E.T. Seton Park (Eglinton Ave E / Leslie St),43.715951,-79.351246,27,10,17
7456,Belmont St / Davenport Rd - SMART,43.6743811,-79.3924893,19,1,18
7457,Queen's Park Cres W / Hoskin Ave,43.665221,-79.394009,23,9,14
7458,Church St / Lombard St,43.651678,-79.375233,17,8,9
7459,St Clair Ave W / Winona Ave - SMART,43.680466,-79.432522,11,4,7
7460,High Park Outdoor Pool,43.649217,-79.465319,27,14,13
7461,High Park Amphitheatre,43.645653,-79.464366,23,7,15
7462,Richmond St E / Yonge St,43.651838,-79.378743,17,8,8
7463,Adelaide St W / Brant St,43.6462574,-79.3973381,15,2,12
7465,Russell Hill Rd / St Clair Ave W,43.685569,-79.408019,19,7,12
7466,Glendonwynne Ave / Bloor St W - SMART,43.65182,-79.47421,19,11,8
7467,Lower Simcoe St / Bremner Blvd,43.64283,-79.38409,15,7,8
7468,Front St / Simcoe St,43.6442,-79.38702,18,4,14
7469,Wellington St W / York St,43.646734,-79.38301,23,6,17
7470,York St / Lake Shore Blvd W,43.64196,-79.380806,19,15,3
7471,Lake Shore Blvd W / Louisa St,43.61868,-79.48674,15,4,11
7472,Dundas St E / Victoria St,43.656333,-79.379114,39,29,10
7473,Adelaide St W / Strachan Ave,43.64325309,-79.4123047,15,15,0
7474,Clarence Square,43.64407,-79.3929,23,10,12
7475,Jarvis St / Richmond St E,43.652777,-79.372637,19,9,10
7476,Symington Ave / Dupont St - SMART,43.665538,-79.451263,15,8,7
7477,Antler St / Campbell Ave - SMART,43.664182,-79.449066,20,9,11
7478,Ellis Ave / The Queensway,43.63855,-79.46693,19,12,7
7479,Jane St / Bloor St W (Jane Subway Station),43.64976,-79.48477,15,5,10
7480,Neil McLellan Park - SMART,43.65143,-79.47779,15,7,8
7481,Westmount Ave / St Clair Ave W - SMART,43.67851,-79.44215,17,8,9
7482,Danforth Ave / Sibley Ave - SMART,43.690111,-79.292634,11,6,5
7483,Southwood Dr / Kingston Rd - SMART,43.678685,-79.297974,12,6,6
7484,Briar Hill Ave / Yonge St - SMART,43.713524,-79.400162,16,6,10
7485,Blythwood Rd / Yonge St - SMART,43.716652,-79.399993,10,5,5
7486,Gerrard St E / Ted Reeve Dr,43.684261,-79.299332,22,1,21
7487,Eastwood Rd / Woodbine Ave - SMART,43.676216,-79.309395,14,8,6
7488,Summerhill Ave / Maclennan Ave,43.685924,-79.376304,11,4,7
7489,Sumach St  / Queen St E,43.656638,-79.358749,19,12,7
7491,D'Arcy St / Spadina Ave - SMART,43.654074,-79.398115,17,17,0
7492,324 Cherry St - SMART,43.6482995,-79.3552533,19,8,11
7493,Sackville St / Eastern Ave - SMART,43.653809,-79.3595,12,11,1
7494,Davenport Rd / McAlpine St - SMART,43.673768,-79.391253,12,6,6
7496,Sunnyside Ave / The Queensway - SMART,43.6397,-79.44865,20,10,10
7497,128 Sterling Ave - SMART,43.654004,-79.444792,20,13,7
7501,Humberside Grounds - SMART,43.65917,-79.46997,20,8,12
7502,University Ave / College St (East),43.65995,-79.38964,14,8,6
7503,Gerrard St E / Malvern Ave - SMART,43.685221,-79.294766,20,3,17
7504,Gerrard St E / Victoria Park Ave - SMART,43.686962,-79.286864,16,9,7
7505,Ontario St / Adelaide St E -SMART,43.652458,-79.366433,18,11,7
7506,Berkeley St / Adelaide St E - SMART,43.653359,-79.365023,11,1,10
7508,Berkeley St / Dundas St E - SMART,43.658816,-79.367318,18,2,16
7509,Ontario St / King St E,43.651814,-79.366194,19,11,8
7510,Princes Gate / Nunavut Dr,43.6334636,-79.4143057,19,13,5
7514,Humber Bay Shores Park / Marine Parade Dr,43.626265,-79.476723,31,16,15
7515,Amos Waites Park,43.613606,-79.4883535,27,10,17
7516,Superior Ave / Lake Shore Blvd W,43.6146692,-79.4873148,17,10,7
7517,Ripley Ave / Ormskirk Ave - SMART,43.6390437,-79.4760109,23,20,3
7518,Lake Shore Blvd W / Colborne Lodge Dr,43.63771,-79.458173,27,13,14
7519,Sheridan Ave / Dundas St W - SMART,43.650365,-79.4338668,23,12,11
7520,St Clarens Ave / Shirley Ave - SMART,43.6486599,-79.4376413,15,7,8
7521,Emerson Ave / Bloor St W - SMART,43.65904,-79.44088,25,2,23
7522,Wallace Ave / Pauline Ave - SMART,43.6632257,-79.4397052,17,10,7
7523,Lynn Williams St / East Liberty St,43.638925,-79.4168659,15,8,7
7524,Lisgar Park,43.6423847,-79.4240277,23,7,16
7525,Fennings St / Queen St W - SMART,43.643945,-79.421189,7,5,2
7526,Bartlett Parkette,43.6702236,-79.4360232,23,11,12
7527,Joseph J Piccininni Community Centre,43.675648,-79.4527619,19,6,13
7528,Spadina Rd / Austin Terrace - SMART,43.67883,-79.408723,17,7,10
7529,Symington Ave / Davenport Rd - SMART,43.6704403,-79.4532855,15,8,7
7530,Sherbourne St N / Elm Ave - SMART,43.6752732,-79.3778458,23,8,15
7531,541 Huron St - SMART,43.670206,-79.402643,20,8,12
7533,Housey St / Dan Leckie Way - SMART,43.6380413,-79.3978347,27,12,15
7534,Walnut Ave / Queen St W,43.645469,-79.411084,17,8,9
7535,Wolsley St / Palmerston Ave - SMART,43.647497,-79.406691,16,12,3
7536,Palmerston Ave / Dundas St W - SMART,43.651603,-79.408346,23,5,18
7537,Euclid Ave / Herrick St - SMART,43.661559,-79.413845,16,8,8
7538,Vaughan Rd /Wychwood Ave,43.6882821,-79.4253856,19,8,10
7539,Davisville Ave / Pailton Cres - SMART,43.69933,-79.39199,19,7,12
7540,Alvin Ave / St Clair Ave E - SMART,43.68871,-79.39264,19,2,17
7541,Bellwoods Ave / Treford Pl - SMART,43.65246,-79.413528,20,3,17
7542,Queen St W / John St,43.650077,-79.391291,23,19,4
7543,Nassau St / Bellevue Ave,43.6550458,-79.4034475,15,12,3
7544,Foster Pl / Elizabeth St - SMART,43.654565,-79.384679,19,8,11
7545,Baldwin St / Henry St - SMART,43.6560758,-79.393259,15,5,10
7546,Ross St / Cecil St - SMART,43.6568254,-79.3966159,18,9,9
7547,Orde St / McCaul St - SMART,43.6580442,-79.3927404,15,0,15
7548,St Joseph St / Bay St - SMART,43.6657049,-79.3873183,20,15,5
7549,439 Sherbourne St - SMART,43.666051,-79.374161,23,8,15
7551,The Esplanade / Hahn Pl - SMART,43.649709,-79.364184,19,6,13
7552,Lake Shore Blvd W / Thirty Ninth Street,43.5927419,-79.5403301,19,11,8
7553,Lake Shore Blvd W / Twenty Fourth St - SMART,43.597082,-79.522768,19,9,10
7554,Humber College - SMART,43.5961692,-79.5160575,27,7,20
7555,Royal York Rd / Mimico Ave,43.612063,-79.496573,20,9,11
7556,Windsor St / Newcastle St,43.6171635,-79.4971065,31,13,17
7557,The Queensway / High St - SMART,43.630874,-79.482407,23,11,12
7558,Berry Rd / Bell Manor Dr,43.63732,-79.489083,19,10,9
7559,Swansea Community Centre,43.6438036,-79.4770327,15,4,11
7560,Glenwood Ave / Runnymede Rd - SMART,43.656845,-79.478479,17,5,12
7561,Annette St / Jane St - SMART,43.658574,-79.487246,15,5,10
7562,Priscilla  Ave / Dundas St W - SMART,43.664665,-79.489385,23,13,10
7563,St Clair Ave W / Castleton Ave - SMART,43.668496,-79.485426,19,5,14
7564,Durie St / Dundas St W - SMART,43.665523,-79.484892,23,19,4
7565,St Clair Ave W / Gunns Rd - SMART,43.672079,-79.470171,23,5,18
7566,Weston Rd / St Clair Ave W - SMART,43.673019,-79.467994,23,12,11
7567,Weston Lions Park,43.698841,-79.519472,27,8,19
7568,Jameson Ave / Queen St W,43.63985,-79.43703,26,10,16
7569,Toronto Inukshuk Park,43.6323994,-79.4097818,19,11,8
7570,Carlaw Ave / Dundas St E,43.665076,-79.341509,17,7,10
7571,Highfield Rd / Gerrard St E,43.671685,-79.325176,19,5,14
7572,Cosburn Ave / Durant Ave - SMART,43.6935477,-79.3301658,15,14,1
7573,Torrens Ave / Broadview Ave,43.690375,-79.3549427,15,3,12
7575,Bayview Ave / Lawren Harris Square,43.6548521,-79.3539768,15,9,6
7576,Front St E / Bayview Avenue,43.6535,-79.354068,22,9,13
7577,Oak St / Sumach St,43.6617908,-79.361515,27,20,7
7578,Oak St / Parliament St,43.66081,-79.366238,23,7,16
7579,Glebe Rd W / Yonge St - SMART,43.7005976,-79.397345,19,5,13
7580,Hillsdale Ave W / Yonge St - SMART,43.7029672,-79.3979073,15,8,7
7581,High Park Ave / Dundas St W,43.6653032,-79.4701178,15,12,3
7582,Alameda Ave / Vaughan Rd - SMART,43.690903,-79.4375028,16,4,12
7583,Eglinton Ave W / Scarlett Rd,43.6834703,-79.5108942,23,8,15
7584,The Pond Rd / Sentinel Rd,43.7696262,-79.5025943,27,6,21
7585,Sentinel Rd / Finch Hydro Corridor,43.7641485,-79.5012809,27,13,14
7586,Finch West Subway Station,43.76521,-79.491281,23,15,8
7587,Dufferin St / Finch Hydro Recreational Trail,43.7724019,-79.4675395,19,11,8
7588,G Ross Lord Park,43.7781116,-79.467963,31,11,20
7589,Torresdale Ave / Antibes Dr,43.77953,-79.45233,15,7,8
7590,Esther Shiner Stadium,43.7774374,-79.4447096,23,10,13
7591,Elwood Blvd / Avenue Rd - SMART,43.707049,-79.40966,23,7,16
7593,Roehampton St / Bayview Ave - SMART,43.711751,-79.378615,31,10,21
7594,Fleming Cres / Bayview Ave - SMART,43.707045,-79.375437,15,6,8
7595,Moore Park,43.693256,-79.383238,27,14,13
7596,Langford Ave / Danforth Ave - SMART,43.6800218,-79.3405681,16,10,6
7597,Yonge St / Golfdale Rd - SMART,43.732016,-79.403637,15,6,9
7598,Teddington Park Ave - SMART,43.732975,-79.40401,15,5,10
7599,Richmond St W / York St,43.650745,-79.383633,17,5,12
7600,Russell St / Huron St - SMART,43.660274,-79.398049,20,1,19
7601,Brick Works,43.683884,-79.36647,25,9,15
7602,Woodbine Ave / O'Connor Dr - SMART,43.699281,-79.318802,19,11,8
7603,O'Connor Dr / Curity Ave,43.707582,-79.311439,24,7,17
7604,St Columba Pl / St Clair Ave E - SMART,43.70567,-79.310554,19,9,10
7605,Lumsden Ave / Eastdale Ave - SMART,43.695487,-79.301755,20,5,15
7606,Dawes Rd / Taylor Creek Trl,43.696631,-79.297436,19,18,1
7607,Fairmount Park - SMART,43.6765897,-79.3163022,19,13,6
7608,Wilket Creek Park,43.720645,-79.355474,27,20,7
7609,Sunnybrook Park,43.720233,-79.362092,27,7,18
7610,Kingston Rd / Beech Ave - SMART,43.680095,-79.291714,15,6,9
7611,Victoria Park Ave / Danforth Ave - SMART,43.691468,-79.288619,19,9,10
7612,Livingston Rd / Guildwood Pkwy,43.747854,-79.199327,19,12,7
7613,Livingston Rd (Highland Creek Trail),43.7561681,-79.2026694,27,9,18
7614,Morningside Park (Highland Creek Trail),43.779353,-79.193023,23,20,3
7615,Colonel Danforth Park,43.7777114,-79.1659711,27,5,22
7616,Waterfront Trail (Rouge Hill),43.778015,-79.131911,19,9,10
7617,Starspray Ave / Lawrence Ave E,43.788319,-79.123505,23,18,5
7618,Vaughan Rd / Oakwood Ave - SMART,43.6926825,-79.441042,19,7,12
7619,Braemar Ave / Eglinton Ave W -SMART,43.7041957,-79.4094472,15,2,13
7620,Eglinton Ave E / Redpath Ave,43.7078691,-79.39248,15,9,6
7621,Long Branch GO Station,43.591561,-79.545827,33,13,20
7622,Marie Curtis Park,43.5880774,-79.5432067,23,11,12
7623,Royal York Rd / Lake Shore Blvd W,43.6029904,-79.4926867,19,14,5
7624,Guildwood GO Station (South),43.754978,-79.1971289,11,6,5
7625,Guildwood GO Station (North),43.755344,-79.1974169,27,9,18
7626,Rouge Hill GO Station,43.7805505,-79.1301203,25,7,18
7627,Shaw St / Essex St,43.667076,-79.425116,12,8,4
7629,Lundy Ave / Etienne Brule Park,43.6625395,-79.5030161,15,8,7
7630,Twelfth St / Thirteenth St,43.6002896,-79.5108692,23,11,12
7631,Florence Gell Park,43.6615467,-79.498398,15,13,2
7632,Chiltern Hill Rd / Eglinton Ave W - SMART,43.7004017,-79.4275305,17,2,15
7633,Noble St / Queen St W,43.6424558,-79.4296346,15,6,9
7634,University Ave / Gerrard St W (West Side),43.6578449,-79.3899265,18,4,14
7635,Runnymede Rd / Annette St - SMART,43.6596299,-79.4799176,15,8,7
7636,Bloor St W / Riverside Ave,43.6475708,-79.4873058,23,11,11
7637,Judson St / Royal York,43.6162721,-79.4990363,19,10,9
7639,Riverview Gardens,43.6490025,-79.486355,16,12,4
7640,Spadina Rd / St.Clair Ave West,43.6842741,-79.4100625,15,9,6
7641,Annette St / Dundas W,43.6641174,-79.4588522,15,6,8
7642,Yonge St / St Clair Ave,43.6885046,-79.3940052,19,5,13
7643,Oriole Pkwy / Kilbarry Rd,43.6954486,-79.4026176,19,4,15
7644,East Lynn Ave / Danforth Ave,43.6850809,-79.3149901,15,2,13
7645,University of Toronto Scarborough,43.7842419,-79.1849889,16,8,7
7646,University Ave / Richmond St W,43.6503935,-79.3860211,19,15,4
7647,Elm St/ University Ave (East),43.656373,-79.3878104,17,8,8
7648,Rosedale Station,43.6769795,-79.3888639,23,14,9
7649,Greenwood Subway Station,43.6825806,-79.3302954,20,11,9
7650,St Clair W Subway - Heath Entrance,43.686339,-79.4152162,23,1,22
7651,Bloor St W / Gladstone Ave,43.6599737,-79.4339054,11,10,1
7653,Bloor St W / Indian Rd,43.6555257,-79.4573894,15,5,10
7654,Bloor St W / Pacific Ave,43.6541245,-79.4636388,7,4,3
7655,Danforth Ave / Dewhurst Blvd,43.680207,-79.339243,15,8,7
7656,Bloor St W / Brock Ave,43.6589882,-79.438715,11,5,6
7657,1 Market St,43.6469928,-79.3706665,20,6,14
7658,Holland Park Ave / Oakwood Ave,43.6862918,-79.4382408,15,8,7
7659,Amroth Ave / Danforth Ave,43.6856128,-79.3116827,19,1,18